date,TIMESTAMP_START,TIMESTAMP_END,USTAR,TA,WD,WS,NEE_PI,FC,SC,H,SH,LE,SLE,G,TS_1,TS_2,P,RH,PA,CO2_1,CO2_2,VPD_PI,SWC_1,SWC_2,NETRAD,PPFD_IN,SW_IN,SW_DIF,PPFD_OUT,SW_OUT,LW_IN,LW_OUT,H2O,RECO_PI,APAR,PPFD_DIF,FAPAR,ZL,timestamp
2009-09-01T00:00:00Z,200909161150,200909162572.4138,0.32479941434846266,16.314798850574714,181.78844070278186,2.908566617862372,-6.821326860841424,-3.039584187408492,0.007044540229885056,34.33028871892925,NaN,61.33636603221083,NaN,NaN,16.265209770114943,16.238047413793105,0.05603448275862069,71.03651749539596,99.07568247126437,376.8610905172414,376.8610905172414,0.6234825046040515,5.185362068965517,NaN,98.58285201149425,374.6159640804598,185.14470402298852,NaN,NaN,28.383552517985613,335.1618951149425,393.37563505747124,14.498827586206897,3.81988,NaN,142.34537068965517,NaN,NaN,2009-09-16T15:30:00Z
2009-10-01T00:00:00Z,200910161150,200910162494.08603,0.4387436305732484,6.529780619111709,181.1128108108108,3.490974562798092,0.18707563025210083,0.4150264462809917,-0.008389534883720929,9.06125219941349,NaN,13.586773178807947,NaN,NaN,8.3074695534506091,8.51653044654939,0.20511440107671602,72.48326526315789,98.59665459610028,388.37793644067796,388.37793644067796,0.2620968421052632,11.175608344549126,NaN,31.097763122476447,143.33937685060565,72.57787079407807,NaN,NaN,11.329764137931035,313.55969448183043,343.9221197846568,8.26916242937853,1.7743244680851065,NaN,94.83737819650068,NaN,NaN,2009-10-16T15:30:00Z
2009-11-01T00:00:00Z,200911156150,200911157538.8889,0.36893843843843843,5.518556944444445,179.6042923538231,3.3958260869565216,1.136485632183908,0.8338932330827068,0.013134570765661251,4.534786600496278,NaN,5.454198496240601,NaN,NaN,6.163793055555556,6.343111111111111,0.03652777777777778,72.53706156716417,99.21359860788863,397.048719054242,397.048719054242,0.2813358208955224,10.709126388888889,NaN,9.4783,117.02823611111111,60.329523611111114,NaN,NaN,7.7832290502793295,294.1806291666667,337.2781125,7.1382350486787205,1.136485632183908,NaN,72.45349027777777,NaN,NaN,2009-11-16T04:29:50Z
2009-12-01T00:00:00Z,200912161150,200912280773.6559,0.45039004149377593,-4.178219086021506,182.7051203319502,3.5102946058091287,0.8153110599078341,0.6264125766871166,-0.013162037037037038,2.2624,NaN,1.4612515337423313,NaN,NaN,2.175717741935484,2.4398790322580646,0.019086021505376347,74.34321821305842,98.74354166666667,396.613964028777,396.613964028777,0.11189175257731959,11.529608870967742,NaN,7.098100806451613,83.23069489247312,41.39492069892473,NaN,NaN,7.95164602960969,267.0435860215054,293.39572849462365,4.074162589928058,0.8153110599078341,NaN,58.65613037634409,NaN,NaN,2009-12-16T16:30:00Z
2010-01-01T00:00:00Z,201001161150,201001162494.08603,0.5436849507735584,-5.83297311827957,221.81488748241912,3.8982742616033756,0.6856524953789279,0.6012074927953891,-0.022417127071823202,10.06434975369458,NaN,1.3876743515850145,NaN,NaN,0.9894422043010752,NaN,0.002688172043010753,77.8939811023622,98.79771601615074,396.3632242090784,396.3632242090784,0.0829244094488189,10.17084811827957,NaN,13.57241129032258,110.11065725806452,52.88245564516129,NaN,NaN,9.526835800807538,257.72042204301073,287.51958333333334,3.5623480055020633,0.6856524953789279,NaN,70.71693279569892,NaN,NaN,2010-01-16T16:30:00Z
2010-02-01T00:00:00Z,201002146150,201002147638.09525,0.4468139880952381,-4.967770833333334,247.15697321428573,3.515482142857143,0.6021222707423581,0.45182738095238095,-0.0022630792227204778,32.186607266435985,NaN,2.7574642857142857,NaN,NaN,0.13913095238095238,NaN,1.4880952380952382e-4,71.26010535117057,98.68752678571428,393.5495238095238,393.5495238095238,0.129876254180602,9.073254464285714,NaN,40.781944940476194,206.39935119047618,98.68792708333334,NaN,NaN,17.069075892857143,249.66957886904763,290.5066711309524,3.2088214285714285,0.6094912663755458,NaN,119.68298660714285,NaN,NaN,2010-02-15T04:30:00Z
2010-03-01T00:00:00Z,201003161178.1965,201003162523.95694,0.4287865013774105,3.5146293800539086,197.42517217630854,3.472060606060606,0.8875739514348786,0.6904173553719009,-7.264021887824894e-4,63.89350974512744,NaN,8.510442148760331,NaN,NaN,1.8183045822102426,NaN,0.00215633423180593,51.94400141043724,98.76446495956873,396.4714823369565,396.4714823369565,0.448163610719323,10.66289218328841,NaN,94.16154312668463,389.9077648648649,188.6749447439353,NaN,NaN,24.54344204851752,258.93974932614555,328.90381401617253,4.351157608695652,0.902641592920354,NaN,131.87085444743934,NaN,NaN,2010-03-16T16:00:00Z
2010-04-01T00:00:00Z,201004156150,201004157538.8889,0.5311563845050216,9.19860138888889,190.11513342898135,3.9331248206599714,0.38464541832669324,0.3209784482758621,0.006430555555555556,80.8106587537092,NaN,21.17629555236729,NaN,NaN,7.125944444444444,NaN,0.04416666666666667,50.371792899408284,98.50014027777777,395.75497777777775,395.75497777777775,0.7040636094674556,10.116037500000001,NaN,119.75902916666666,449.244375,211.6493763888889,NaN,NaN,25.25852932960894,293.17772916666667,359.9317222222222,6.451902777777778,0.4126487025948104,NaN,178.97929722222221,NaN,NaN,2010-04-16T03:30:00Z
2010-05-01T00:00:00Z,201005161150,201005162494.08603,0.495825327510917,14.775057795698924,186.1680713245997,3.572499272197962,-2.531057395143488,-1.3413508005822417,0.011429141716566869,88.82216113744076,NaN,58.86308733624454,NaN,NaN,11.486877777777778,NaN,0.059274193548387095,53.280437125748506,98.57447222222223,393.3359486111111,393.3359486111111,0.944255988023952,9.025976388888889,NaN,162.2160255376344,566.5463064516128,264.65504166666665,NaN,NaN,37.99816869095817,324.9705806451613,389.5518521505376,10.55857638888889,2.303063829787234,NaN,187.40187903225808,NaN,NaN,2010-05-16T15:30:00Z
2010-06-01T00:00:00Z,201006156150,201006157538.8889,0.42007544141252007,16.411579022988505,200.21559229534512,3.160470304975923,-8.456798408488064,-5.020038523274478,0.029132835820895524,49.23887448559671,NaN,72.36476725521669,NaN,NaN,15.054993055555556,NaN,0.28378766140602585,71.24020892494929,98.45257440890126,384.39552875175315,384.39552875175315,0.6196774847870182,9.750291666666667,NaN,133.28156384505021,439.92146589259795,210.29368579626973,NaN,NaN,33.56057183908046,352.95546341463415,396.4596929698709,15.273767180925667,5.819385714285715,NaN,200.59170731707317,NaN,NaN,2010-06-16T03:30:00Z
2010-07-01T00:00:00Z,201007161150,201007162494.08603,0.408904033379694,21.2162993006993,209.62032823365786,3.146977746870654,-8.852393564356436,-4.891266387726639,0.03487264833574529,36.57460582524272,NaN,114.84406973500697,NaN,NaN,18.702342741935485,NaN,0.046153846153846156,65.75053778558875,98.56936152796726,379.3405053908356,379.3405053908356,0.9680843585237259,5.8331451612903225,NaN,159.8651556802244,527.2177694483734,252.71616946778713,NaN,NaN,38.24347893258427,367.2378695652174,422.3881739130435,19.081964959568733,6.935118421052632,NaN,189.8146979020979,NaN,NaN,2010-07-16T15:30:00Z
2010-08-01T00:00:00Z,201008161150,201008162494.08603,0.43044021739130434,21.221730398899588,192.77211548913044,3.3918138586956523,-6.265296803652968,-3.1739496598639456,0.007331460674157295,19.010104166666668,NaN,91.67178503401361,NaN,NaN,19.32108870967742,NaN,0.14258241758241758,73.99192878338279,98.54577016129032,380.4846418918919,380.4846418918919,0.693299703264095,7.566807795698924,NaN,133.38944951590594,444.31843383356073,214.52409366391186,NaN,NaN,32.22828787878788,371.22959806629837,420.9494337016575,20.002586486486486,6.001036697247707,NaN,194.55434203296704,NaN,NaN,2010-08-16T15:30:00Z
2010-09-01T00:00:00Z,201009156150,201009157538.8889,0.49912869822485206,13.825875923190546,211.53656952662723,3.8136849112426034,-3.811930769230769,-1.806563829787234,-0.0982529761904762,10.462936507936508,NaN,52.374940639269404,NaN,NaN,14.694593055555556,NaN,0.21037463976945245,78.16010830860534,98.2693379501385,384.69572364672365,384.69572364672365,0.3686142433234421,9.51473611111111,NaN,85.57623837209303,260.09127010309277,150.94460982658958,NaN,NaN,23.192651734104047,337.0200116110305,379.84781476121566,12.823537037037037,4.865666666666667,NaN,141.34190489913544,NaN,NaN,2010-09-16T03:30:00Z
2010-10-01T00:00:00Z,201010161150,201010162494.08603,0.5090668604651163,9.870768698060942,224.8021555232558,3.92972238372093,1.0405191815856778,0.9163912337662338,0.030259414225941424,24.491011904761905,NaN,23.049452922077922,NaN,NaN,10.92154790823212,NaN,0.05350756533700138,69.27024682651621,98.46938461538461,387.503296474359,387.503296474359,0.40574612129760224,7.838175438596491,NaN,45.42487620357634,219.01907198748043,121.72879642365888,NaN,NaN,18.24833009708738,300.32035213204955,358.63085969738654,8.584040064102565,2.3535774647887324,NaN,96.16525859697387,NaN,NaN,2010-10-16T15:30:00Z
2010-11-01T00:00:00Z,201011156150,201011157538.8889,0.5347966101694915,3.5874361111111113,184.94472881355932,4.067967642526964,1.0955773195876288,0.9538258859784283,0.004518776077885953,1.6479488,NaN,5.766547839506173,NaN,NaN,5.863911111111111,NaN,0.059027777777777776,75.87707222222222,98.74075555555555,394.8490347222222,394.8490347222222,0.19589444444444445,10.091991666666667,NaN,12.94479861111111,109.62827361111111,54.926655555555556,NaN,NaN,7.318214386459802,294.4352847222222,329.1607152777778,6.180573611111111,1.0955773195876288,NaN,60.848120370370374,NaN,NaN,2010-11-16T04:17:50Z
2010-12-01T00:00:00Z,201012161150,201012280773.6559,0.5453715670436188,-4.3272782258064515,236.7950549273021,3.8525379644588047,0.8225645833333334,0.700670436187399,0.002091492776886036,3.080996460176991,NaN,2.0234943457189014,NaN,NaN,1.9013752039151712,NaN,0.003830645161290323,77.93402822580646,98.73796815286624,396.1878998482549,396.1878998482549,0.09841263440860215,9.338401305057097,NaN,5.237626684636119,82.55737768817204,39.60863172043011,NaN,NaN,7.427874493927126,266.4148692722372,293.47513055181696,3.7888254931714718,0.8304041666666666,NaN,NaN,NaN,NaN,2010-12-16T16:30:00Z
2011-01-01T00:00:00Z,201101161150,201101162494.08603,0.40984038199181444,-8.855618279569892,198.9219918144611,3.2854774897680765,0.6470260663507109,0.4861707650273224,0.014782432432432433,12.182608757062146,NaN,2.081610655737705,NaN,NaN,0.5424272108843537,NaN,1.3440860215053763e-4,77.69811962365591,98.64136827956989,399.1877738896366,399.1877738896366,0.07200940860215053,8.78412925170068,NaN,21.046638211382113,123.33710483870968,56.54940188172043,NaN,NaN,10.741735215053763,249.2520798376184,274.38244444444445,2.5643230148048453,0.6470260663507109,NaN,NaN,NaN,NaN,2011-01-16T16:30:00Z
2011-02-01T00:00:00Z,201102146150,201102147638.09525,0.6300824427480916,-5.486657738095238,198.23975572519083,4.427283969465649,0.62382421875,0.5350335877862595,-0.01295067264573991,32.3463805601318,NaN,2.952914503816794,NaN,NaN,0.21286904761904762,NaN,0.0037202380952380955,71.06128720238095,98.57298509687034,401.5071636904762,401.5071636904762,0.12192410714285715,7.992886904761905,NaN,42.14823432835821,202.44945833333333,96.08204017857143,NaN,NaN,16.366645833333333,251.72419821162444,289.37209388971684,3.320547619047619,0.6275546875,NaN,NaN,NaN,NaN,2011-02-15T04:30:00Z
2011-03-01T00:00:00Z,201103161191.65546,201103162537.4159,0.4843190883190883,-2.3687955493741306,210.52469088319089,3.6647065527065528,0.7118474226804123,0.5440883190883191,-0.0033165969316596923,53.57423858615611,NaN,5.904438746438746,NaN,NaN,0.15674826147426982,NaN,0.014444444444444446,65.70985674547984,99.15625572005384,397.6145187760779,397.6145187760779,0.1919972183588317,7.572859527121001,NaN,79.34398888888889,323.89016958277256,156.498375,NaN,NaN,24.34570792767733,250.43868750000001,303.2906208333333,3.639471488178025,0.7118474226804123,NaN,NaN,NaN,NaN,2011-03-16T16:00:00Z
2011-04-01T00:00:00Z,201104156150,201104157538.8889,0.5719656652360515,5.200287414965986,157.3242312633833,4.201713062098501,0.8758490566037735,0.5938154506437768,0.009897260273972601,84.25975059952039,NaN,16.8095686695279,NaN,NaN,3.9408875,NaN,0.2239795918367347,66.72055802047781,98.23349027777778,396.86638095238095,396.86638095238095,0.33583276450511945,12.04257638888889,NaN,116.96035153583618,406.87214991482114,188.53087074829932,NaN,NaN,22.449973958333334,288.5637064846416,338.7039744463373,6.088608843537415,0.8811100628930818,NaN,NaN,NaN,NaN,2011-04-16T03:30:00Z
2011-05-01T00:00:00Z,201105161150,201105162494.08603,0.5073107692307692,11.946968058968059,159.1636353846154,3.6951846153846155,-0.0884134199134199,0.2172523076923077,0.03062222222222222,71.94982414698163,NaN,36.88188153846154,NaN,NaN,13.626752021563343,NaN,0.06361671469740635,60.850036855036855,98.5862530282638,396.6980937950938,396.6980937950938,0.6104078624078624,9.555638440860216,NaN,141.6198188405797,481.5356458635704,222.41937047756875,NaN,NaN,28.448461988304093,325.9492231884058,378.61768985507246,10.438792207792208,1.1633,NaN,202.85570588235294,NaN,NaN,2011-05-16T15:30:00Z
2011-06-01T00:00:00Z,201106156150,201106157538.8889,0.4688374613003096,16.92562638888889,182.75363003095976,3.4838869969040247,-6.010701204819277,-3.7754984520123838,-0.008274373259052921,45.38933178294574,NaN,69.8370092879257,NaN,NaN,14.309633333333334,NaN,0.16111111111111112,68.47752074391988,98.4897802503477,385.2563763888889,385.2563763888889,0.7078927038626609,8.214480555555555,NaN,153.4351511299435,515.9421174825175,241.21981868898186,NaN,NaN,39.04847545582048,347.21397598870055,398.5560267605634,13.427444444444445,5.531658823529412,NaN,207.685023923445,NaN,NaN,2011-06-16T03:30:00Z
2011-07-01T00:00:00Z,201107161150,201107162494.08603,0.4088817204301075,22.359860215053764,212.34240188172043,3.235202956989247,-9.313004618937644,-5.416306451612903,-0.01821862348178139,31.112414965986396,NaN,105.26301353179973,NaN,NaN,18.55447983870968,NaN,0.04059139784946236,70.15807702702703,98.52847983870967,378.10206765899864,378.10206765899864,0.8680351351351351,4.838211021505376,NaN,168.01876113360325,563.9510390835579,266.58264285714284,NaN,NaN,42.407595687331536,371.35171390013494,428.0275641025641,19.349667117726657,6.438423529411764,NaN,212.44414516129032,NaN,NaN,2011-07-16T15:30:00Z
2011-08-01T00:00:00Z,201108161150,201108162494.08603,0.4064972451790634,20.31348924731183,211.38525068870524,3.3176005509641873,-8.506307125307126,-4.647121212121212,0.004055256064690029,26.02471172413793,NaN,83.57094068965517,NaN,NaN,18.142724462365592,NaN,0.06411290322580646,73.17312096774194,98.38320833333333,375.6786944818304,375.6786944818304,0.6875309139784946,4.92011559139785,NaN,130.6316941813261,458.3065100942126,219.25453432032302,NaN,NaN,35.02711170928668,360.50327334235453,415.12405405405406,17.7281467025572,5.586407894736842,NaN,175.8294005376344,NaN,NaN,2011-08-16T15:30:00Z
2011-09-01T00:00:00Z,201109156150,201109157538.8889,0.428377358490566,15.045718055555556,187.52294775036285,3.4331291727140782,-5.468269607843137,-3.040198838896952,-0.035982881597717536,15.37983661119516,NaN,51.59340690690691,NaN,NaN,14.51222361111111,NaN,0.1786111111111111,76.98345762711864,98.73705,384.5335236728838,384.5335236728838,0.43977542372881356,7.642308333333333,NaN,86.8022380952381,341.68603333333334,165.83146805555555,NaN,NaN,27.259892906815022,334.3304411764706,385.8297843137255,13.92990530846485,4.363276595744681,NaN,144.12259444444445,NaN,NaN,2011-09-16T03:30:00Z
2011-10-01T00:00:00Z,201110161150,201110162494.08603,0.44488,10.607809139784946,187.04929379310346,3.589631724137931,0.5432539682539682,0.5372662068965517,0.012299191374663076,6.476680497925312,NaN,25.55925103448276,NaN,NaN,10.605392473118279,NaN,0.12271505376344086,72.3482895805142,98.61702826379542,393.967185483871,393.967185483871,0.4511420838971583,8.844314516129032,NaN,42.408885598923284,233.33523076923078,112.39382123655913,NaN,NaN,18.357110363391655,310.20474831763124,362.0475679676985,9.463698924731183,2.861169696969697,NaN,102.64777094972067,NaN,NaN,2011-10-16T15:30:00Z
2011-11-01T00:00:00Z,201111156150,201111157538.8889,0.5289641185647426,4.704561781609195,195.60901092043682,3.9511232449297973,1.1133481953290871,0.9663494539781591,-0.021902627511591964,-0.6997759740259739,NaN,5.915067082683307,NaN,NaN,6.009438888888889,NaN,0.11707317073170732,73.53184028776978,98.55304017216643,397.8704763888889,397.8704763888889,0.24405323741007195,10.206020833333334,NaN,5.185247126436781,108.63583960948397,51.79620946915352,NaN,NaN,7.057210834553441,294.3269540229885,334.0351594827586,6.611898611111111,1.1273063829787233,NaN,NaN,NaN,NaN,2011-11-16T04:19:50Z
2011-12-01T00:00:00Z,201112161150,201112280773.6559,0.5290878787878788,-1.2845097222222222,203.86152424242425,3.883859090909091,0.7728516260162601,0.6684530303030303,0.013574229691876752,-3.150049766718507,NaN,1.6024242424242425,NaN,NaN,2.006188888888889,NaN,0.03287101248266297,77.84647075208913,98.84006805555556,399.89917338709677,399.89917338709677,0.1218133704735376,9.873919444444445,NaN,0.06283772538141483,68.20558602150538,32.976174757281555,NaN,NaN,4.985008403361345,279.30158807212206,307.2475936199723,4.726684139784946,0.7728516260162601,NaN,41.81254318936877,NaN,NaN,2011-12-16T16:30:00Z
2012-01-01T00:00:00Z,201201161150,201201162494.08603,0.5014978292329957,-3.7687110215053763,196.23143560057886,3.986096960926194,0.6513240343347639,0.5014428364688857,0.004001351351351351,-1.3121971014492753,NaN,1.315659420289855,NaN,NaN,0.629122311827957,NaN,0.03333333333333333,78.10711693548387,98.26037685060565,400.4254704301075,400.4254704301075,0.10546505376344086,9.326068548387097,NaN,9.10663306451613,94.69968010752689,47.02679569892473,NaN,NaN,8.725899193548386,266.095313172043,295.209625,4.011752688172043,0.6513240343347639,NaN,NaN,NaN,NaN,2012-01-16T16:30:00Z
2012-02-01T00:00:00Z,201202151150,201202152586.78162,0.5456412884333821,-1.9764497126436782,217.708121522694,3.927371888726208,0.749162,0.6272869692532943,0.005700288184438042,17.451802052785926,NaN,2.4014421669106882,NaN,NaN,0.7037471264367816,NaN,0.002442528735632184,72.69180747126437,98.73641151079137,399.60389064748205,399.60389064748205,0.14821264367816092,8.828459770114943,NaN,30.178915229885057,161.2487974137931,81.5370459770115,NaN,NaN,13.782920977011495,265.90419683908044,303.5113261494253,4.039158273381295,0.749162,NaN,NaN,NaN,NaN,2012-02-15T16:30:00Z
2012-03-01T00:00:00Z,201203161218.57336,201203162564.33377,0.5319925149700598,6.516811452513966,171.3233982035928,4.144232035928144,0.8849257731958763,0.7483141654978962,-0.01832018209408194,28.240266982622433,NaN,7.192275449101796,NaN,NaN,4.515363636363636,NaN,0.05090655509065551,66.39860474860335,98.71375073746313,401.8788982808023,401.8788982808023,0.43969972067039104,10.61091654247392,NaN,67.55436310395315,271.93620470262795,147.87301123595506,NaN,NaN,22.406719101123596,292.4533498871332,340.4932189616253,7.402373925501433,0.8849257731958763,NaN,NaN,NaN,NaN,2012-03-16T16:00:00Z
2012-04-01T00:00:00Z,201204156150,201204157538.8889,0.5225500705218618,5.911029166666666,217.67067136812412,3.754935119887165,0.5220548523206751,0.5214809590973202,0.011015427769985974,88.86388401697313,NaN,18.180695345557123,NaN,NaN,6.116013888888889,NaN,0.06,59.401270833333335,98.75787186629526,399.3250027777778,399.3250027777778,0.4217375,9.336679166666666,NaN,106.31173333333334,438.95918472222223,NaN,NaN,NaN,NaN,NaN,NaN,5.693656944444444,0.5342283298097251,NaN,NaN,NaN,NaN,2012-04-16T03:30:00Z
2012-05-01T00:00:00Z,201205161150,201205162494.08603,0.4873961485557084,13.76718201754386,189.91963823933975,3.4968019257221457,-2.52703933747412,-1.3720646492434663,0.0015837004405286322,69.7180070093458,NaN,49.71727235213205,NaN,NaN,12.061116935483872,NaN,0.059274193548387095,65.85689318181818,98.64214919354839,397.0496639784946,397.0496639784946,0.6305545454545455,8.646935483870967,NaN,151.49821592442646,526.7111900269542,296.9281343283582,NaN,NaN,44.34674813432836,310.35348127340825,393.9105093632959,9.755301075268818,2.2831704545454543,NaN,NaN,NaN,NaN,2012-05-16T15:30:00Z
2012-06-01T00:00:00Z,201206156150,201206157538.8889,0.4658287878787879,19.064093659942362,202.93122121212122,3.6235348484848484,-9.203268240343348,-5.892145161290323,-0.04176427525622255,36.54183487654321,NaN,104.56902424242425,NaN,NaN,15.604751488095237,NaN,0.13487175792507206,65.7034375,98.44159626436782,386.8229971181556,386.8229971181556,0.8634723837209303,8.341660714285714,NaN,171.35259620991255,557.027904347826,284.5683768115942,NaN,NaN,45.835851311953355,339.83620029027577,408.3692412790698,14.677603746397695,5.346587628865979,NaN,NaN,NaN,NaN,2012-06-16T03:30:00Z
2012-07-01T00:00:00Z,201207161150,201207162494.08603,0.3394353268428373,22.456562414266116,207.5898776077886,2.7709095966620305,-10.696520833333333,-5.942628571428571,0.027810659186535767,28.59252865329513,NaN,112.12031875881523,NaN,NaN,19.161320402298852,NaN,0.1130315500685871,69.0057081604426,98.64450554016621,382.130139275766,382.130139275766,0.92726002766251725,5.886224137931035,NaN,162.92070833333332,533.9172365887208,270.16882417582417,NaN,NaN,42.36499588477366,358.8853569444444,426.17991816920943,19.06799025069638,6.586711864406779,NaN,NaN,NaN,NaN,2012-07-16T15:30:00Z
2012-08-01T00:00:00Z,201208161150,201208162494.08603,0.4428615591397849,20.495975806451614,211.04090725806452,3.5927177419354837,-7.754907079646018,-4.440926075268817,0.013506720430107531,17.013646657571623,NaN,90.30087752355317,NaN,NaN,18.282861559139786,NaN,0.06330645161290323,67.92294277929156,98.59974327956989,381.2680188172043,381.2680188172043,0.843542234332425,6.0220940860215055,NaN,134.00669676549865,457.8794018817204,237.5070053763441,NaN,NaN,38.08984501347709,348.6898586810229,414.3693135935397,16.454362903225807,5.836271186440678,NaN,157.17158854166667,NaN,NaN,2012-08-16T15:30:00Z
2012-09-01T00:00:00Z,201209156150,201209157538.8889,0.4263564213564214,15.199599721059972,206.02773737373738,3.424160173160173,-4.910997613365155,-2.7862636746143057,-0.007251094890510952,23.840605301914582,NaN,47.31435930735931,NaN,NaN,14.746446428571428,NaN,0.08898186889818689,73.39233333333334,98.68707890961262,387.86969142857146,387.86969142857146,0.5358758716875872,6.143778273809524,NaN,85.41378151260504,340.241782122905,177.6136778242678,NaN,NaN,29.43226993006993,319.2148487394958,382.79525910364146,12.488907142857142,3.928964788732394,NaN,123.01323012552301,NaN,NaN,2012-09-16T03:30:00Z
2012-10-01T00:00:00Z,201210161150,201210162494.08603,0.5430897637795276,8.937959677419355,196.50353700787403,3.957990551181102,1.1632159827213824,1.0431511811023622,0.012349137931034483,6.366921367521368,NaN,17.268596252129473,NaN,NaN,9.591116935483871,NaN,0.18198924731182795,75.9161197080292,98.40129973118279,396.59206609195405,396.59206609195405,0.3007970802919708,9.627209677419355,NaN,35.021030997304585,164.3442190860215,86.225561827957,NaN,NaN,13.047284353741496,314.29307537012113,352.56411709286675,9.391988505747127,2.324,NaN,94.82357930107527,NaN,NaN,2012-10-16T15:30:00Z
2012-11-01T00:00:00Z,201211156150,201211157538.8889,0.5012577319587629,2.7184718614718615,191.18961855670102,3.8908144329896905,1.2486133056133055,1.0550689149560117,0.04823360655737705,6.122336082474226,NaN,4.870723781388478,NaN,NaN,5.3429319444444445,NaN,0.01239193083573487,74.19802453102453,99.29977882797732,402.8735907821229,402.8735907821229,0.21708802308802308,9.697916666666666,NaN,7.133903318903319,96.58475174337518,50.33556628242075,NaN,NaN,7.005954941860465,287.16049062049063,323.4491948051948,5.844836592178771,1.2486133056133055,NaN,60.11405619596542,NaN,NaN,2012-11-16T04:23:50Z
2012-12-01T00:00:00Z,201212161150,201212280773.6559,0.43505293005671075,0.001155821917808229,204.8488279773157,3.4486691871455575,0.8333819951338199,0.6751728813559322,-0.02375577557755776,-3.1161389830508472,NaN,3.053703213610586,NaN,NaN,2.3588057324840763,NaN,0.03690068493150685,82.14662478184991,98.5647331932773,401.8860626029654,401.8860626029654,0.1111780104712042,10.128944267515923,NaN,1.364135273972603,68.6362384868421,37.48667123287671,NaN,NaN,6.025058519793459,280.6634965753425,310.76869006849313,5.148558484349259,0.8333819951338199,NaN,45.91555993150685,NaN,NaN,2012-12-16T16:30:00Z
2013-01-01T00:00:00Z,201301161150,201301162494.08603,0.5028464285714286,-5.067821487603306,206.02080535714285,3.8048910714285715,0.6685585585585586,0.5491362763915547,0.0037527472527472535,1.8883456032719839,NaN,1.921337811900192,NaN,NaN,0.8019193548387097,NaN,0.044489247311827955,78.61570431893688,98.61261206896552,403.9130751633987,403.9130751633987,0.09296843853820598,9.462372311827957,NaN,15.572439868204283,78.72154530477759,50.21069686985173,NaN,NaN,10.220675453047775,265.8069917627677,290.27133937397036,3.8717549019607844,0.6745705705705706,NaN,60.20915156507414,NaN,NaN,2013-01-16T16:30:00Z
2013-02-01T00:00:00Z,201302146150,201302147638.09525,0.4904518272425249,-6.171220543806647,192.83375747508305,3.771966777408638,0.5010904392764858,0.4575823627287854,0.007580524344569287,18.081453488372095,NaN,3.207141430948419,NaN,NaN,0.5728764880952381,NaN,0.04330357142857143,79.58422658610272,98.51651636904762,404.01594712990936,404.01594712990936,0.08004984894259819,9.784324404761906,NaN,35.999978851963746,135.44776132930514,83.19849244712991,NaN,NaN,17.10785347432024,255.0933580060423,285.1910966767372,3.3946948640483385,0.5363142857142857,NaN,99.16986253776435,NaN,NaN,2013-02-15T04:30:00Z
2013-03-01T00:00:00Z,201303161232.0323,201303162577.79272,0.5557312390924957,-1.5782591414944356,247.67688132635254,3.9311465968586385,0.8751441241685144,0.8245894736842105,-0.019937397034596373,55.96959298245614,NaN,6.788266666666667,NaN,NaN,0.7218317631224764,NaN,0.05962314939434724,72.65206518282989,98.73050336473754,402.2056805111821,402.2056805111821,0.16419236883942767,10.21750874831763,NaN,87.88458505564388,264.51532909379966,161.3640906200318,NaN,NaN,27.794698083067093,260.40179014308427,305.9267821939587,4.09314696485623,0.8751441241685144,NaN,157.1578680445151,NaN,NaN,2013-03-16T16:00:00Z
2013-04-01T00:00:00Z,201304156150,201304157538.8889,0.5892938311688312,2.9657432624113476,184.7673831168831,4.285738636363637,0.8556482617586912,0.7954561688311689,-0.005066570188133141,49.491975530179445,NaN,9.64627922077922,NaN,NaN,1.7676958333333332,NaN,0.07194444444444445,70.8245261627907,98.69821805555556,403.4301744680851,403.4301744680851,0.2519970930232558,11.819719444444445,NaN,95.27423404255319,278.46986524822694,166.0489560283688,NaN,NaN,23.84747150997151,279.2446312056738,326.521409929078,5.768963120567376,0.8629182004089979,NaN,170.43217730496454,NaN,NaN,2013-04-16T03:30:00Z
2013-05-01T00:00:00Z,201305161150,201305162494.08603,0.4867976782752902,14.535665943600868,167.47309618573797,3.274597014925373,-0.1936152073732719,0.0732139303482587,0.04999038461538461,87.72657627118645,NaN,40.296568822553894,NaN,NaN,10.74421994535519,NaN,0.0864247311827957,56.18555632183908,98.7198,401.39479416058396,401.39479416058396,0.8621701149425287,10.345387978142076,NaN,162.42145524691358,611.1610458891014,268.77125,NaN,NaN,35.677617647058824,312.9989197530864,383.97673456790125,9.837808759124087,1.831038626609442,NaN,227.42381453154877,NaN,NaN,2013-05-16T15:30:00Z
2013-06-01T00:00:00Z,201306156150,201306157538.8889,0.451,17.311609686609685,183.68123623188407,2.8833840579710146,-7.607883474576271,-5.186739130434782,-0.05676190476190478,47.56382142857143,NaN,74.16442463768117,NaN,NaN,14.407680555555556,NaN,0.034027777777777775,67.30878494623656,98.54555416666666,393.67883611111114,393.67883611111114,0.6994992319508448,6.631097222222222,NaN,149.58239743589743,706.1195379876797,249.47494301994303,NaN,NaN,40.66848857142857,339.21575213675214,398.08045726495726,14.070469444444445,4.869851239669422,NaN,330.64562628336756,NaN,NaN,2013-06-16T03:30:00Z
2013-07-01T00:00:00Z,201307161150,201307162494.08603,0.45606880733944954,21.394173106646058,180.3674862385321,3.2029235474006117,-7.849785553047404,-5.18908936825886,0.028674556213017746,44.866076672104406,NaN,98.25560400616332,NaN,NaN,17.75933198924731,NaN,0.08830645161290322,68.3680208,98.79331317204301,384.05327436281857,384.05327436281857,0.8871616,5.0682177419354835,NaN,168.30519290123456,800.9504109589041,277.57989351851853,NaN,NaN,44.672857364341084,355.34149537037035,420.1976111111111,17.584934032983508,5.657859649122807,NaN,308.5100799086758,NaN,NaN,2013-07-16T15:30:00Z
2013-08-01T00:00:00Z,201308161150,201308162494.08603,0.4850600600600601,20.518464743589742,210.9263018018018,3.3753363363363365,-6.215941304347826,-4.598092084006462,0.03937012987012988,40.45366014234875,NaN,82.91364458804523,NaN,NaN,17.227350806451614,NaN,0.039112903225806454,71.97969458128078,98.80105510752688,382.41995476575124,382.41995476575124,0.7485977011494253,4.197211021505376,NaN,135.808008,738.5476607594936,241.36040544871796,NaN,NaN,38.927358974358974,348.908984,415.160024,17.729995153473343,3.9166967741935483,NaN,303.02880555555555,NaN,NaN,2013-08-16T15:30:00Z
2013-09-01T00:00:00Z,201309156150,201309157538.8889,0.5157142857142857,14.868950479233227,190.92376339285715,3.4526875,-3.1986553672316385,-2.6660208333333335,0.027773242630385483,36.552231527093596,NaN,51.64647023809524,NaN,NaN,14.808426388888888,NaN,0.08250277777777779,75.81699675324676,98.80725694444445,388.40575332348595,388.40575332348595,0.4403327922077922,5.7426763888888885,NaN,90.73528229665072,627.8365988538682,183.50945295055823,NaN,NaN,30.624138755980862,322.5091291866029,384.6397033492823,13.211768094534712,4.920735042735043,NaN,227.12205730659025,NaN,NaN,2013-09-16T03:30:00Z
2013-10-01T00:00:00Z,201310161150,201310162494.08603,0.5012090909090909,9.134476047904192,191.1665909090909,3.54542,0.09607178217821784,0.3343528336380256,-0.009851428571428572,8.986692022263451,NaN,29.03001277372263,NaN,NaN,10.488627586206897,NaN,0.16774193548387098,76.7040993883792,98.62562659123056,400.0083996789727,400.0083996789727,0.32292813455657493,8.17708275862069,NaN,41.14057185628742,408.19634234234235,107.16805538922156,NaN,NaN,17.547036090225564,306.76503293413174,355.43027994011976,9.762646869983948,3.5455,NaN,188.77646246246246,NaN,NaN,2013-10-16T15:30:00Z
2013-11-01T00:00:00Z,201311156150,201311157538.8889,0.5937895791583166,0.9386939102564102,211.8213246492986,4.337925851703407,0.9576387434554974,0.8648677354709419,0.006018372703412071,-1.2270564516129032,NaN,3.292178356713427,NaN,NaN,4.8032916666666665,NaN,0.10694444444444444,75.01407855973814,98.96505747126437,402.3487932330827,402.3487932330827,0.16953027823240588,9.31125,NaN,5.995789727126806,89.4649191919192,51.67878205128205,NaN,NaN,8.093249185667753,279.25858012820515,316.9464631410256,5.1086616541353385,0.9567375328083989,NaN,64.21463468013468,NaN,NaN,2013-11-16T04:25:50Z
2013-12-01T00:00:00Z,201312161150,201312280773.6559,0.4713863945578231,-7.815680107526882,182.5446530612245,3.5993374149659862,0.6700226757369615,0.5718550512445095,-0.05252373887240356,2.079096011816839,NaN,1.1821830161054172,NaN,NaN,1.331851388888889,NaN,0.007258064516129033,79.7494386920981,98.78925537634409,404.4653670520231,404.4653670520231,0.06884468664850137,8.427020833333334,NaN,7.2277258064516126,61.69599327956989,38.41351816958277,NaN,NaN,7.580196236559139,255.0483185483871,278.61106451612903,3.0025043352601157,0.6802494331065759,NaN,50.73089112903226,NaN,NaN,2013-12-16T16:30:00Z
2014-01-01T00:00:00Z,201401161150,201401162494.08603,0.5647462686567164,-10.049557471264368,213.3095644504749,4.165317503392131,0.7115510563380282,0.5712707482993197,0.04892477876106195,6.902116959064328,NaN,0.9348326530612245,NaN,NaN,0.8193440860215053,NaN,0.011155913978494624,77.40939739884394,98.12431896551725,405.15253638814016,405.15253638814016,0.06749277456647398,8.839307795698925,NaN,14.227580229226362,85.18159598853869,54.17709455587393,NaN,NaN,10.373978479196557,240.07784957020058,269.67411747851,2.5313059299191374,0.7993368794326241,NaN,66.22638395415473,NaN,NaN,2014-01-16T16:30:00Z
2014-02-01T00:00:00Z,201402146150,201402147638.09525,0.5364634873323398,-10.589357142857143,206.19873174366617,3.9427988077496274,0.835429213483146,0.5612190760059612,-0.016593059936908516,27.9104245142003,NaN,2.0503621460506705,NaN,NaN,0.6102306547619047,NaN,0.006845238095238095,72.3012693452381,98.65628125,406.71720268256337,406.71720268256337,0.08142261904761905,8.297708333333334,NaN,46.88571875,167.40895386904762,106.59211755952381,NaN,NaN,19.71578720238095,226.74162202380953,266.73123065476193,2.186305514157973,0.9518898876404495,NaN,106.11542708333333,NaN,NaN,2014-02-15T04:30:00Z
2014-03-01T00:00:00Z,201403161245.49124,201403162591.25168,0.49324182076813655,-6.713432545201669,209.96748364153626,3.6924238975817922,0.8771362725450902,0.6588847795163585,0.0025056818181818197,62.157191366906474,NaN,4.392625889046942,NaN,NaN,0.5246411682892906,NaN,0.011440107671601614,65.76849226441631,98.82822253129346,406.89991655076494,406.89991655076494,0.14138959212376934,8.790773296244785,NaN,89.50570514603616,289.45835326842837,180.50123365785814,NaN,NaN,31.300970752089135,224.45073852573017,283.9064269819193,2.793344923504868,0.9866987951807229,NaN,142.90226842837274,NaN,NaN,2014-03-16T16:00:00Z
2014-04-01T00:00:00Z,201404156150,201404157538.8889,0.5451949025487256,3.4980674662668667,175.63219940029984,3.8477976011994004,0.8527031578947368,0.7373435114503817,-0.016266187050359714,58.212092748735245,NaN,8.144960305343512,NaN,NaN,1.1747524613220817,NaN,0.11430555555555555,64.32386666666666,98.67240536512668,405.6270819912152,405.6270819912152,0.3166650406504065,11.459172995780591,NaN,110.72201197604791,305.76254572713646,184.24774586466165,NaN,NaN,26.02705487804878,282.91285479041915,328.7106826347305,5.366629575402635,0.8743164556962025,NaN,169.34502994011976,NaN,NaN,2014-04-16T03:30:00Z
2014-05-01T00:00:00Z,201405161150,201405162494.08603,0.5066215846994535,13.034127192982456,194.73153551912569,3.5582677595628414,0.8339885714285714,0.9460232240437159,0.0054940334128878235,84.00551843317973,NaN,27.53366530054645,NaN,NaN,9.493236559139785,NaN,0.07271505376344085,62.17166896551724,98.67374865591398,403.56021351351353,403.56021351351353,0.7212919540229885,9.824298387096775,NaN,141.19507795698925,427.8493418079096,226.39142338709678,NaN,NaN,27.27463697705803,316.61121505376343,374.6265846774194,9.207895945945946,1.2433110151187905,NaN,191.89216101694916,NaN,NaN,2014-05-16T15:30:00Z
2014-06-01T00:00:00Z,201406156150,201406157538.8889,0.4300083333333333,18.120272222222223,155.36273055555554,3.2436416666666665,-8.745540792540792,-4.604208623087621,0.0343062937062937,50.30722478386167,NaN,74.26663509749304,NaN,NaN,14.779952580195259,NaN,0.08611111111111111,67.03522046109511,98.57595138888888,394.76617246175243,394.76617246175243,0.7597680115273775,6.238794979079498,NaN,157.22144444444444,718.3415059055118,258.11707777777775,NaN,NaN,42.10989722222222,346.131475,404.8587694444445,14.412855354659248,6.5022,NaN,315.6263248031496,NaN,NaN,2014-06-16T03:30:00Z
2014-07-01T00:00:00Z,201407161150,201407162494.08603,0.45281586021505377,17.800262096774194,223.52975940860216,3.5118897849462365,-11.063721518987341,-6.622596231493944,-0.006438645980253877,31.365330567081603,NaN,91.65603499327052,NaN,NaN,16.56930269058296,NaN,0.06935483870967742,72.16305524861879,98.54534811827958,383.7368977119785,383.7368977119785,0.6252762430939226,5.819786995515695,NaN,150.57599596774193,677.1763836126629,253.97052956989248,NaN,NaN,41.95856586021505,340.27194623655913,401.80951747311826,14.986675639300135,6.49052427184466,NaN,310.3661620111732,NaN,NaN,2014-07-16T15:30:00Z
2014-08-01T00:00:00Z,201408161150,201408162494.08603,0.3574703504043127,18.49928494623656,181.6644177897574,2.9310013477088948,-8.745392572944297,-4.144997300944669,0.05487314439946019,36.23254491017964,NaN,63.865048517520215,NaN,NaN,16.9818373655914,NaN,0.09206989247311828,76.44537967115097,98.76501881720431,386.10111424731184,386.10111424731184,0.5616741405082212,5.358577956989247,NaN,116.43431048387097,462.47476813880127,205.4664005376344,NaN,NaN,33.13388290713324,349.6702620967742,405.648688172043,16.978872311827956,6.5055,NaN,246.7098785488959,NaN,NaN,2014-08-16T15:30:00Z
2014-09-01T00:00:00Z,201409156150,201409157538.8889,0.4256861111111111,14.7634609929078,195.61320694444444,3.5182930555555556,-5.420899772209567,-2.5505640668523677,-0.018044800000000007,10.521683035714286,NaN,54.7414442896936,NaN,NaN,15.020968055555556,NaN,0.1761111111111111,77.35420029673591,98.9279375,391.4671545961003,391.4671545961003,0.42520919881305635,8.470195833333333,NaN,82.55689914772728,559.5783436692507,163.27932577903684,NaN,NaN,26.337086524822695,329.80421022727273,384.6298238636364,13.609981894150417,4.956133333333334,NaN,244.62258139534885,NaN,NaN,2014-09-16T03:30:00Z
2014-10-01T00:00:00Z,201410161150,201410162494.08603,0.49100806451612905,8.191456258411844,193.74278763440861,3.704540322580645,0.7287887029288703,1.0259771505376345,0.03174788732394366,11.88919706840391,NaN,12.733979838709677,NaN,NaN,10.104172043010752,NaN,0.18924731182795698,80.69688436482085,98.2816814516129,400.44870967741934,400.44870967741934,0.20537622149837134,9.690219086021505,NaN,31.24027860026918,170.72031723027376,79.71766487213998,NaN,NaN,12.537108695652174,315.00795693135933,351.04082907133244,9.489872311827957,2.6721014492753623,NaN,107.04979388083736,NaN,NaN,2014-10-16T15:30:00Z
2014-11-01T00:00:00Z,201411156150,201411157538.8889,0.5435802816901408,-0.6617222222222222,206.07181830985917,3.988974647887324,1.0477927272727272,0.9844814285714286,-0.007662429378531074,-1.1866534810126583,NaN,4.015741428571428,NaN,NaN,3.9397444444444445,NaN,0.10236111111111111,78.2427019969278,98.38988333333333,403.6616323943662,403.6616323943662,0.1301520737327189,10.714325,NaN,13.602705555555556,75.19274305555555,47.13573537604457,NaN,NaN,8.057016925246826,283.74875555555553,309.16231805555555,5.114474647887324,1.0477927272727272,NaN,55.543822222222225,NaN,NaN,2014-11-16T04:27:50Z
2014-12-01T00:00:00Z,201412161150,201412280773.6559,0.4507768817204301,-2.3291747311827957,203.57477822580645,3.5280147849462367,0.8162396694214876,0.6768454301075268,0.011313513513513512,0.593524193548387,NaN,1.9995940860215053,NaN,NaN,1.4199416666666667,NaN,0.03682795698924731,79.56901125401929,99.11136021505376,409.037938172043,409.037938172043,0.09215112540192925,9.996656944444444,NaN,3.546279569892473,62.91518010752688,38.08669086021506,NaN,NaN,6.512346774193548,273.36174731182797,301.4340120967742,4.660522849462366,0.8162396694214876,NaN,42.201301075268816,NaN,NaN,2014-12-16T16:30:00Z
